Title,Price
Unbarbaad : For Those Who Feel Lost by Shobhit Nirwan,₹249.00
"Too Good to Be True : A smart, funny will-they-won’t-they romance by mostlysane",₹239.00
"Delhi Police Constable, HCM & AWO/TPO 4 Books Combo (2025) By Ankit Bhati Sir RWA -Mathematics, Reasoning, GS and Computer.",₹499.00
My First Library: Boxset of 10 Board Books for Kids,₹398.00
Rd Sharma Class 10 Maths 2025-26 CBSE Examinations | R D Sharma Class 10 Mathematics with MCQ Book (Set of 2 Books),₹595.00
The Psychology of Money,₹290.00
Dopamine Detox : A Short Guide to Remove Distractions and Get Your Brain to Do Hard Things,₹189.00
Atomic Habits,₹549.00
"White Nights – Fyodor Dostoyevsky | A Million-Copy Bestseller | A Timeless Story of Love, Longing & Solitude – Penguin Classics",₹118.00
"PW NTA NEET Rankers Test Series 2025 Updated as per Latest NEET Pattern 180 Questions Verified & Curated by Expert Faculties | 10 Full Syllabus + 4 Part Syllabus (Class 11 & 12) | OMR Sheet, Solution Booklet with NCERT References",₹569.00
The Power of Your Subconscious Mind: Original Classic Edition | Premium Paperback,₹149.00
Animals Tales From Panchtantra: Timeless Stories for Children From Ancient India,₹199.00
All In One Social Science CBSE Class 10th Based On Latest NCERT For CBSE Exams 2025 | Mind map in each chapter | Clear & Concise Theory | Intext & Chapter Exercises | Sample Question Papers,₹375.00
Thank You for Leaving: Learning to be okay with saying goodbye | A new book by one of India’s highest selling authors - Rithvik Singh,₹205.00
GUNAHO KA DEVTA,₹217.00
"The Art of Being Alone: Loneliness Was My Cage, Solitude Is My Home (English)",₹198.00
Mythakon Se Vigyan Tak RAZA GAUHAR,₹299.00
Don't Believe Everything You Think (English),₹198.00
"Little Colouring Books for Kids (Set of 10 Books) - Gift to children for painting, drawing and coloring - Alphabets, Animals, Birds, Flags, Flowers, ... Transport, Vegetables - 3 to 6 years old",₹185.00
All In One Science CBSE Class 10th Based On Latest NCERT For CBSE Exams 2025 | Mind map in each chapter | Clear & Concise Theory | Intext & Chapter Exercises | Sample Question Papers,₹399.00
My First Book of Patterns Pencil Control: Patterns Practice book for kids (Pattern Writing),₹129.00
"Story Books for Kids - Second Reader (Illustrated) (Set of 6 Books) - Phonic stories - Bedtime Stories - 3 Years to 6 Years Old - Read Aloud to Infants, Toddlers",₹139.00
"Moral Story Books for Kids (Illustrated) - English Short Stories with Colourful Pictures - Bedtime Children Story Book - 3 Years to 6 Years Old Children - Read Aloud to Infants, Toddlers (Set of 10 Books)",₹228.00
"Writing Practice Boxset: Pack of 4 Books (Writing Fun: Write And Practice Capital Letters, Small Letters, Patterns and Numbers 1 to 10)",₹199.00
Can We Be Strangers Again?,₹278.00
The Mountain Is You: Transforming Self-Sabotage Into Self-Mastery (English),₹250.00
Khan Sir Pocket GK General Knowledge (Samanya Gyan) By Khan Sir 2nd Revised September 2024 Edition useful for all competitive Exams,₹214.00
Money Myths and Mantras,₹275.00
Ikigai: Japanese secret to long and happy life,₹354.00
My First 365 Coloring Book: Jumbo Coloring Book For Kids (With Tear Out Sheets),₹199.00
The Golden Road : How Ancient India Transformed the World,₹585.00
NCERT Textbooks in English for class 12 - Flamingo and Vistas - 12074 &12075,₹120.00
The 5 Types of Wealth : A Transformative Guide to Design Your Dream Life,₹379.00
"PW NTA NEET Rankers Test Series 2025 Verified & Curated by Expert Faculties | 10 Full Syllabus + 4 Part Syllabus (Class 11 & 12) | OMR Sheet, Solution Booklet with NCERT References",₹566.00
Grandma's Bag of Stories (R/J),₹163.00
The Power of Your Subconscious Mind: Original Edition | Premium Paperback,₹149.00
Magic of the Lost Temple (Over 2 Lakh Copies sold),₹203.00
Man's Search For Meaning: The classic tribute to hope from the Holocaust | Must read classics by Victor E. Frankl,₹195.00
The Diary of A Young Girl,₹139.00
Meditations,₹139.00
The Cantonment Conspiracy: A Military Thriller,₹307.00
Norwegian Wood: Million copy bestseller by Japanese author Haruki Murakami,₹359.00
The Art of Letting Go,₹219.00
Amma Diarylo Konni Pageelu,₹215.00
Static G.K By Ankit Bhati And Naveen Sir In Hindi Latest 2025,₹159.00
Coloring Books Box Set: Pack of 12 Copy Color Books For Children,₹369.00
101 Pencil Control Activity Book For Kids: Tracing Practise Book Age 2+,₹179.00
BlackBook of English Vocabulary May 2024 by Nikhil Gupta,₹285.00
The Alchemist,₹258.00
S ISLAMIC STORE original product - The Holy Quran English with New Edition Urdu Translation & Transliteration in Roman Script with Transliteration & Arabic Text 5 Star Paper Quality (HUDA QURAN),₹459.00
